year,name,Unnamed: 0,zipcode,id,1,total
2015,Abbotsford,302,3067,25,1,5408
2016,Abbotsford,303,3067,72,1,8633
2017,Abbotsford,304,3067,92,1,14305
2018,Abbotsford,305,3067,210,1,20427
2019,Abbotsford,306,3067,249,1,22909
2020,Abbotsford,307,3067,249,1,22909
2015,Aberfeldie,173,3040,1,1,5408
2016,Aberfeldie,174,3040,15,1,8633
2017,Aberfeldie,175,3040,23,1,14305
2018,Aberfeldie,176,3040,52,1,20427
2019,Aberfeldie,177,3040,57,1,22909
2020,Aberfeldie,178,3040,57,1,22909
2015,Airport West,184,3042,2,1,5408
2016,Airport West,185,3042,6,1,8633
2017,Airport West,186,3042,10,1,14305
2018,Airport West,187,3042,24,1,20427
2019,Airport West,188,3042,28,1,22909
2020,Airport West,189,3042,28,1,22909
2015,Albert Park,970,3206,31,1,5408
2016,Albert Park,971,3206,57,1,8633
2017,Albert Park,972,3206,75,1,14305
2018,Albert Park,973,3206,108,1,20427
2019,Albert Park,974,3206,126,1,22909
2020,Albert Park,975,3206,126,1,22909
2015,Altona,72,3018,2,1,5408
2016,Altona,73,3018,8,1,8633
2017,Altona,74,3018,13,1,14305
2018,Altona,75,3018,28,1,20427
2019,Altona,76,3018,28,1,22909
2020,Altona,77,3018,28,1,22909
2015,Altona Meadows,115,3028,1,1,5408
2016,Altona Meadows,116,3028,7,1,8633
2017,Altona Meadows,117,3028,11,1,14305
2018,Altona Meadows,118,3028,27,1,20427
2019,Altona Meadows,119,3028,40,1,22909
2020,Altona Meadows,120,3028,40,1,22909
2015,Altona North,0,3025,6,1,5408
2016,Altona North,105,3025,6,1,8633
2017,Altona North,106,3025,9,1,14305
2018,Altona North,107,3025,14,1,20427
2019,Altona North,108,3025,16,1,22909
2020,Altona North,109,3025,16,1,22909
2015,Armadale,644,3143,11,1,5408
2016,Armadale,645,3143,26,1,8633
2017,Armadale,646,3143,30,1,14305
2018,Armadale,647,3143,53,1,20427
2019,Armadale,648,3143,64,1,22909
2020,Armadale,649,3143,64,1,22909
2015,Ascot Vale,138,3032,11,1,5408
2016,Ascot Vale,139,3032,46,1,8633
2017,Ascot Vale,140,3032,62,1,14305
2018,Ascot Vale,141,3032,143,1,20427
2019,Ascot Vale,142,3032,176,1,22909
2020,Ascot Vale,143,3032,176,1,22909
2015,Ashburton,668,3147,3,1,5408
2016,Ashburton,669,3147,12,1,8633
2017,Ashburton,670,3147,13,1,14305
2018,Ashburton,671,3147,24,1,20427
2019,Ashburton,672,3147,28,1,22909
2020,Ashburton,673,3147,28,1,22909
2015,Avondale Heights,0,3034,3,1,5408
2016,Avondale Heights,0,3034,3,1,8633
2017,Avondale Heights,0,3034,3,1,14305
2018,Avondale Heights,149,3034,3,1,20427
2019,Avondale Heights,150,3034,4,1,22909
2020,Avondale Heights,151,3034,4,1,22909
2015,Balaclava,846,3183,28,1,5408
2016,Balaclava,847,3183,106,1,8633
2017,Balaclava,848,3183,146,1,14305
2018,Balaclava,849,3183,277,1,20427
2019,Balaclava,850,3183,336,1,22909
2020,Balaclava,851,3183,336,1,22909
2015,Balwyn,448,3103,5,1,5408
2016,Balwyn,449,3103,10,1,8633
2017,Balwyn,450,3103,11,1,14305
2018,Balwyn,451,3103,43,1,20427
2019,Balwyn,452,3103,53,1,22909
2020,Balwyn,453,3103,53,1,22909
2015,Balwyn North,454,3104,6,1,5408
2016,Balwyn North,455,3104,14,1,8633
2017,Balwyn North,456,3104,19,1,14305
2018,Balwyn North,457,3104,28,1,20427
2019,Balwyn North,458,3104,55,1,22909
2020,Balwyn North,459,3104,55,1,22909
2015,Beaumaris,906,3193,1,1,5408
2016,Beaumaris,907,3193,13,1,8633
2017,Beaumaris,908,3193,18,1,14305
2018,Beaumaris,909,3193,34,1,20427
2019,Beaumaris,910,3193,43,1,22909
2020,Beaumaris,911,3193,43,1,22909
2015,Bentleigh,958,3204,8,1,5408
2016,Bentleigh,959,3204,17,1,8633
2017,Bentleigh,960,3204,23,1,14305
2018,Bentleigh,961,3204,59,1,20427
2019,Bentleigh,962,3204,87,1,22909
2020,Bentleigh,963,3204,87,1,22909
2015,Bentleigh East,759,3165,6,1,5408
2016,Bentleigh East,760,3165,13,1,8633
2017,Bentleigh East,761,3165,14,1,14305
2018,Bentleigh East,762,3165,36,1,20427
2019,Bentleigh East,763,3165,50,1,22909
2020,Bentleigh East,764,3165,50,1,22909
2015,Black Rock,906,3193,1,1,5408
2016,Black Rock,907,3193,13,1,8633
2017,Black Rock,908,3193,18,1,14305
2018,Black Rock,909,3193,34,1,20427
2019,Black Rock,910,3193,43,1,22909
2020,Black Rock,911,3193,43,1,22909
2015,Braybrook,78,3019,1,1,5408
2016,Braybrook,78,3019,1,1,8633
2017,Braybrook,79,3019,3,1,14305
2018,Braybrook,80,3019,10,1,20427
2019,Braybrook,81,3019,18,1,22909
2020,Braybrook,82,3019,18,1,22909
2015,Brighton,864,3186,16,1,5408
2016,Brighton,865,3186,37,1,8633
2017,Brighton,866,3186,58,1,14305
2018,Brighton,867,3186,98,1,20427
2019,Brighton,868,3186,117,1,22909
2020,Brighton,869,3186,117,1,22909
2015,Brighton East,870,3187,9,1,5408
2016,Brighton East,871,3187,17,1,8633
2017,Brighton East,872,3187,22,1,14305
2018,Brighton East,873,3187,50,1,20427
2019,Brighton East,874,3187,61,1,22909
2020,Brighton East,875,3187,61,1,22909
2015,Brunswick,253,3056,46,1,5408
2016,Brunswick,254,3056,129,1,8633
2017,Brunswick,255,3056,179,1,14305
2018,Brunswick,256,3056,327,1,20427
2019,Brunswick,257,3056,438,1,22909
2020,Brunswick,258,3056,438,1,22909
2015,Brunswick East,259,3057,24,1,5408
2016,Brunswick East,260,3057,64,1,8633
2017,Brunswick East,261,3057,85,1,14305
2018,Brunswick East,262,3057,146,1,20427
2019,Brunswick East,263,3057,172,1,22909
2020,Brunswick East,264,3057,172,1,22909
2015,Brunswick West,247,3055,5,1,5408
2016,Brunswick West,248,3055,26,1,8633
2017,Brunswick West,249,3055,37,1,14305
2018,Brunswick West,250,3055,67,1,20427
2019,Brunswick West,251,3055,78,1,22909
2020,Brunswick West,252,3055,78,1,22909
2015,Burnley,517,3121,88,1,5408
2016,Burnley,518,3121,191,1,8633
2017,Burnley,519,3121,247,1,14305
2018,Burnley,520,3121,519,1,20427
2019,Burnley,521,3121,613,1,22909
2020,Burnley,522,3121,613,1,22909
2015,Camberwell,535,3124,11,1,5408
2016,Camberwell,536,3124,30,1,8633
2017,Camberwell,537,3124,44,1,14305
2018,Camberwell,538,3124,72,1,20427
2019,Camberwell,539,3124,96,1,22909
2020,Camberwell,540,3124,96,1,22909
2015,Canterbury,547,3126,1,1,5408
2016,Canterbury,548,3126,7,1,8633
2017,Canterbury,549,3126,8,1,14305
2018,Canterbury,550,3126,16,1,20427
2019,Canterbury,551,3126,21,1,22909
2020,Canterbury,552,3126,21,1,22909
2015,Carlton,235,3053,49,1,5408
2016,Carlton,236,3053,134,1,8633
2017,Carlton,237,3053,178,1,14305
2018,Carlton,238,3053,364,1,20427
2019,Carlton,239,3053,492,1,22909
2020,Carlton,240,3053,492,1,22909
2015,Carlton North,241,3054,8,1,5408
2016,Carlton North,242,3054,46,1,8633
2017,Carlton North,243,3054,57,1,14305
2018,Carlton North,244,3054,121,1,20427
2019,Carlton North,245,3054,145,1,22909
2020,Carlton North,246,3054,145,1,22909
2015,Carnegie,753,3163,15,1,5408
2016,Carnegie,754,3163,37,1,8633
2017,Carnegie,755,3163,52,1,14305
2018,Carnegie,756,3163,109,1,20427
2019,Carnegie,757,3163,146,1,22909
2020,Carnegie,758,3163,146,1,22909
2015,Caulfield,747,3162,9,1,5408
2016,Caulfield,748,3162,30,1,8633
2017,Caulfield,749,3162,38,1,14305
2018,Caulfield,750,3162,64,1,20427
2019,Caulfield,751,3162,77,1,22909
2020,Caulfield,752,3162,77,1,22909
2015,Caulfield East,656,3145,16,1,5408
2016,Caulfield East,657,3145,30,1,8633
2017,Caulfield East,658,3145,41,1,14305
2018,Caulfield East,659,3145,81,1,20427
2019,Caulfield East,660,3145,142,1,22909
2020,Caulfield East,661,3145,142,1,22909
2015,Caulfield North,741,3161,14,1,5408
2016,Caulfield North,742,3161,41,1,8633
2017,Caulfield North,743,3161,50,1,14305
2018,Caulfield North,744,3161,102,1,20427
2019,Caulfield North,745,3161,122,1,22909
2020,Caulfield North,746,3161,122,1,22909
2015,Caulfield South,747,3162,9,1,5408
2016,Caulfield South,748,3162,30,1,8633
2017,Caulfield South,749,3162,38,1,14305
2018,Caulfield South,750,3162,64,1,20427
2019,Caulfield South,751,3162,77,1,22909
2020,Caulfield South,752,3162,77,1,22909
2015,Clifton Hill,308,3068,55,1,5408
2016,Clifton Hill,309,3068,119,1,8633
2017,Clifton Hill,310,3068,164,1,14305
2018,Clifton Hill,311,3068,271,1,20427
2019,Clifton Hill,312,3068,310,1,22909
2020,Clifton Hill,313,3068,310,1,22909
2015,Coburg,265,3058,16,1,5408
2016,Coburg,266,3058,37,1,8633
2017,Coburg,267,3058,50,1,14305
2018,Coburg,268,3058,113,1,20427
2019,Coburg,269,3058,133,1,22909
2020,Coburg,270,3058,133,1,22909
2015,Coburg North,265,3058,16,1,5408
2016,Coburg North,266,3058,37,1,8633
2017,Coburg North,267,3058,50,1,14305
2018,Coburg North,268,3058,113,1,20427
2019,Coburg North,269,3058,133,1,22909
2020,Coburg North,270,3058,133,1,22909
2015,Collingwood,296,3066,29,1,5408
2016,Collingwood,297,3066,89,1,8633
2017,Collingwood,298,3066,110,1,14305
2018,Collingwood,299,3066,236,1,20427
2019,Collingwood,300,3066,284,1,22909
2020,Collingwood,301,3066,284,1,22909
2015,Cremorne,517,3121,88,1,5408
2016,Cremorne,518,3121,191,1,8633
2017,Cremorne,519,3121,247,1,14305
2018,Cremorne,520,3121,519,1,20427
2019,Cremorne,521,3121,613,1,22909
2020,Cremorne,522,3121,613,1,22909
2015,Deepdene,448,3103,5,1,5408
2016,Deepdene,449,3103,10,1,8633
2017,Deepdene,450,3103,11,1,14305
2018,Deepdene,451,3103,43,1,20427
2019,Deepdene,452,3103,53,1,22909
2020,Deepdene,453,3103,53,1,22909
2015,Docklands,36,3008,29,1,5408
2016,Docklands,37,3008,70,1,8633
2017,Docklands,38,3008,98,1,14305
2018,Docklands,39,3008,449,1,20427
2019,Docklands,40,3008,631,1,22909
2020,Docklands,41,3008,631,1,22909
2015,East Melbourne,12,3002,32,1,5408
2016,East Melbourne,13,3002,64,1,8633
2017,East Melbourne,14,3002,79,1,14305
2018,East Melbourne,15,3002,157,1,20427
2019,East Melbourne,16,3002,180,1,22909
2020,East Melbourne,17,3002,180,1,22909
2015,Elsternwick,858,3185,24,1,5408
2016,Elsternwick,859,3185,39,1,8633
2017,Elsternwick,860,3185,44,1,14305
2018,Elsternwick,861,3185,90,1,20427
2019,Elsternwick,862,3185,112,1,22909
2020,Elsternwick,863,3185,112,1,22909
2015,Elwood,852,3184,52,1,5408
2016,Elwood,853,3184,126,1,8633
2017,Elwood,854,3184,164,1,14305
2018,Elwood,855,3184,275,1,20427
2019,Elwood,856,3184,319,1,22909
2020,Elwood,857,3184,319,1,22909
2015,Essendon,173,3040,1,1,5408
2016,Essendon,174,3040,15,1,8633
2017,Essendon,175,3040,23,1,14305
2018,Essendon,176,3040,52,1,20427
2019,Essendon,177,3040,57,1,22909
2020,Essendon,178,3040,57,1,22909
2015,Essendon Fields,179,3041,0,1,5408
2016,Essendon Fields,179,3041,2,1,8633
2017,Essendon Fields,180,3041,2,1,14305
2018,Essendon Fields,181,3041,7,1,20427
2019,Essendon Fields,182,3041,15,1,22909
2020,Essendon Fields,183,3041,15,1,22909
2015,Essendon North,0,3041,2,1,5408
2016,Essendon North,179,3041,2,1,8633
2017,Essendon North,180,3041,2,1,14305
2018,Essendon North,181,3041,7,1,20427
2019,Essendon North,182,3041,15,1,22909
2020,Essendon North,183,3041,15,1,22909
2015,Essendon West,173,3040,1,1,5408
2016,Essendon West,174,3040,15,1,8633
2017,Essendon West,175,3040,23,1,14305
2018,Essendon West,176,3040,52,1,20427
2019,Essendon West,177,3040,57,1,22909
2020,Essendon West,178,3040,57,1,22909
2015,Fairfield,353,3078,12,1,5408
2016,Fairfield,354,3078,34,1,8633
2017,Fairfield,355,3078,38,1,14305
2018,Fairfield,356,3078,59,1,20427
2019,Fairfield,357,3078,71,1,22909
2020,Fairfield,358,3078,71,1,22909
2015,Fawkner,276,3060,0,1,5408
2016,Fawkner,276,3060,0,1,8633
2017,Fawkner,276,3060,0,1,14305
2018,Fawkner,276,3060,6,1,20427
2019,Fawkner,277,3060,10,1,22909
2020,Fawkner,278,3060,10,1,22909
2015,Fitzroy,290,3065,64,1,5408
2016,Fitzroy,291,3065,162,1,8633
2017,Fitzroy,292,3065,196,1,14305
2018,Fitzroy,293,3065,337,1,20427
2019,Fitzroy,294,3065,386,1,22909
2020,Fitzroy,295,3065,386,1,22909
2015,Fitzroy North,308,3068,55,1,5408
2016,Fitzroy North,309,3068,119,1,8633
2017,Fitzroy North,310,3068,164,1,14305
2018,Fitzroy North,311,3068,271,1,20427
2019,Fitzroy North,312,3068,310,1,22909
2020,Fitzroy North,313,3068,310,1,22909
2015,Flemington,132,3031,14,1,5408
2016,Flemington,133,3031,46,1,8633
2017,Flemington,134,3031,67,1,14305
2018,Flemington,135,3031,141,1,20427
2019,Flemington,136,3031,175,1,22909
2020,Flemington,137,3031,175,1,22909
2015,Footscray,42,3011,25,1,5408
2016,Footscray,43,3011,57,1,8633
2017,Footscray,44,3011,85,1,14305
2018,Footscray,45,3011,154,1,20427
2019,Footscray,46,3011,195,1,22909
2020,Footscray,47,3011,195,1,22909
2015,Gardenvale,858,3185,24,1,5408
2016,Gardenvale,859,3185,39,1,8633
2017,Gardenvale,860,3185,44,1,14305
2018,Gardenvale,861,3185,90,1,20427
2019,Gardenvale,862,3185,112,1,22909
2020,Gardenvale,863,3185,112,1,22909
2015,Glen Huntly,753,3163,15,1,5408
2016,Glen Huntly,754,3163,37,1,8633
2017,Glen Huntly,755,3163,52,1,14305
2018,Glen Huntly,756,3163,109,1,20427
2019,Glen Huntly,757,3163,146,1,22909
2020,Glen Huntly,758,3163,146,1,22909
2015,Glen Iris,662,3146,6,1,5408
2016,Glen Iris,663,3146,19,1,8633
2017,Glen Iris,664,3146,25,1,14305
2018,Glen Iris,665,3146,60,1,20427
2019,Glen Iris,666,3146,73,1,22909
2020,Glen Iris,667,3146,73,1,22909
2015,Glenroy,202,3046,1,1,5408
2016,Glenroy,203,3046,15,1,8633
2017,Glenroy,204,3046,22,1,14305
2018,Glenroy,205,3046,45,1,20427
2019,Glenroy,206,3046,67,1,22909
2020,Glenroy,207,3046,67,1,22909
2015,Gowanbrae,190,3043,1,1,5408
2016,Gowanbrae,191,3043,6,1,8633
2017,Gowanbrae,192,3043,13,1,14305
2018,Gowanbrae,193,3043,22,1,20427
2019,Gowanbrae,194,3043,35,1,22909
2020,Gowanbrae,195,3043,35,1,22909
2015,Hadfield,202,3046,1,1,5408
2016,Hadfield,203,3046,15,1,8633
2017,Hadfield,204,3046,22,1,14305
2018,Hadfield,205,3046,45,1,20427
2019,Hadfield,206,3046,67,1,22909
2020,Hadfield,207,3046,67,1,22909
2015,Hampton,876,3188,5,1,5408
2016,Hampton,877,3188,19,1,8633
2017,Hampton,878,3188,27,1,14305
2018,Hampton,879,3188,58,1,20427
2019,Hampton,880,3188,66,1,22909
2020,Hampton,881,3188,66,1,22909
2015,Hampton East,876,3188,5,1,5408
2016,Hampton East,877,3188,19,1,8633
2017,Hampton East,878,3188,27,1,14305
2018,Hampton East,879,3188,58,1,20427
2019,Hampton East,880,3188,66,1,22909
2020,Hampton East,881,3188,66,1,22909
2015,Hawthorn,523,3122,19,1,5408
2016,Hawthorn,524,3122,48,1,8633
2017,Hawthorn,525,3122,72,1,14305
2018,Hawthorn,526,3122,148,1,20427
2019,Hawthorn,527,3122,181,1,22909
2020,Hawthorn,528,3122,181,1,22909
2015,Hawthorn East,529,3123,12,1,5408
2016,Hawthorn East,530,3123,27,1,8633
2017,Hawthorn East,531,3123,38,1,14305
2018,Hawthorn East,532,3123,69,1,20427
2019,Hawthorn East,533,3123,85,1,22909
2020,Hawthorn East,534,3123,85,1,22909
2015,Hughesdale,765,3166,2,1,5408
2016,Hughesdale,766,3166,12,1,8633
2017,Hughesdale,767,3166,17,1,14305
2018,Hughesdale,768,3166,48,1,20427
2019,Hughesdale,769,3166,61,1,22909
2020,Hughesdale,770,3166,61,1,22909
2015,Kensington,132,3031,14,1,5408
2016,Kensington,133,3031,46,1,8633
2017,Kensington,134,3031,67,1,14305
2018,Kensington,135,3031,141,1,20427
2019,Kensington,136,3031,175,1,22909
2020,Kensington,137,3031,175,1,22909
2015,Kew,436,3101,10,1,5408
2016,Kew,437,3101,26,1,8633
2017,Kew,438,3101,37,1,14305
2018,Kew,439,3101,82,1,20427
2019,Kew,440,3101,107,1,22909
2020,Kew,441,3101,107,1,22909
2015,Kew East,442,3102,1,1,5408
2016,Kew East,443,3102,2,1,8633
2017,Kew East,444,3102,5,1,14305
2018,Kew East,445,3102,9,1,20427
2019,Kew East,446,3102,11,1,22909
2020,Kew East,447,3102,11,1,22909
2015,Kingsbury,375,3083,1,1,5408
2016,Kingsbury,376,3083,8,1,8633
2017,Kingsbury,377,3083,15,1,14305
2018,Kingsbury,378,3083,54,1,20427
2019,Kingsbury,379,3083,85,1,22909
2020,Kingsbury,380,3083,85,1,22909
2015,Kingsville,48,3012,11,1,5408
2016,Kingsville,49,3012,23,1,8633
2017,Kingsville,50,3012,28,1,14305
2018,Kingsville,51,3012,62,1,20427
2019,Kingsville,52,3012,81,1,22909
2020,Kingsville,53,3012,81,1,22909
2015,Kooyong,650,3144,7,1,5408
2016,Kooyong,651,3144,12,1,8633
2017,Kooyong,652,3144,17,1,14305
2018,Kooyong,653,3144,33,1,20427
2019,Kooyong,654,3144,50,1,22909
2020,Kooyong,655,3144,50,1,22909
2015,Maidstone,48,3012,11,1,5408
2016,Maidstone,49,3012,23,1,8633
2017,Maidstone,50,3012,28,1,14305
2018,Maidstone,51,3012,62,1,20427
2019,Maidstone,52,3012,81,1,22909
2020,Maidstone,53,3012,81,1,22909
2015,Malvern,650,3144,7,1,5408
2016,Malvern,651,3144,12,1,8633
2017,Malvern,652,3144,17,1,14305
2018,Malvern,653,3144,33,1,20427
2019,Malvern,654,3144,50,1,22909
2020,Malvern,655,3144,50,1,22909
2015,Malvern East,656,3145,16,1,5408
2016,Malvern East,657,3145,30,1,8633
2017,Malvern East,658,3145,41,1,14305
2018,Malvern East,659,3145,81,1,20427
2019,Malvern East,660,3145,142,1,22909
2020,Malvern East,661,3145,142,1,22909
2015,Maribyrnong,138,3032,11,1,5408
2016,Maribyrnong,139,3032,46,1,8633
2017,Maribyrnong,140,3032,62,1,14305
2018,Maribyrnong,141,3032,143,1,20427
2019,Maribyrnong,142,3032,176,1,22909
2020,Maribyrnong,143,3032,176,1,22909
2015,McKinnon,958,3204,8,1,5408
2016,McKinnon,959,3204,17,1,8633
2017,McKinnon,960,3204,23,1,14305
2018,McKinnon,961,3204,59,1,20427
2019,McKinnon,962,3204,87,1,22909
2020,McKinnon,963,3204,87,1,22909
2015,Melbourne (3000),27,6004,191,2,5408
2016,Melbourne (3000),29,6004,693,2,8633
2017,Melbourne (3000),31,6004,996,2,14305
2018,Melbourne (3000),42,9005,3101,3,20427
2019,Melbourne (3000),45,9005,4108,3,22909
2020,Melbourne (3000),48,9005,4108,3,22909
2015,Melbourne (3004),27,6004,191,2,5408
2016,Melbourne (3004),29,6004,693,2,8633
2017,Melbourne (3004),31,6004,996,2,14305
2018,Melbourne (3004),42,9005,3101,3,20427
2019,Melbourne (3004),45,9005,4108,3,22909
2020,Melbourne (3004),48,9005,4108,3,22909
2015,Middle Park,970,3206,31,1,5408
2016,Middle Park,971,3206,57,1,8633
2017,Middle Park,972,3206,75,1,14305
2018,Middle Park,973,3206,108,1,20427
2019,Middle Park,974,3206,126,1,22909
2020,Middle Park,975,3206,126,1,22909
2015,Moonee Ponds,167,3039,3,1,5408
2016,Moonee Ponds,168,3039,17,1,8633
2017,Moonee Ponds,169,3039,21,1,14305
2018,Moonee Ponds,170,3039,41,1,20427
2019,Moonee Ponds,171,3039,54,1,22909
2020,Moonee Ponds,172,3039,54,1,22909
2015,Murrumbeena,753,3163,15,1,5408
2016,Murrumbeena,754,3163,37,1,8633
2017,Murrumbeena,755,3163,52,1,14305
2018,Murrumbeena,756,3163,109,1,20427
2019,Murrumbeena,757,3163,146,1,22909
2020,Murrumbeena,758,3163,146,1,22909
2015,Newport,60,3015,4,1,5408
2016,Newport,61,3015,19,1,8633
2017,Newport,62,3015,25,1,14305
2018,Newport,63,3015,48,1,20427
2019,Newport,64,3015,64,1,22909
2020,Newport,65,3015,64,1,22909
2015,Niddrie,184,3042,2,1,5408
2016,Niddrie,185,3042,6,1,8633
2017,Niddrie,186,3042,10,1,14305
2018,Niddrie,187,3042,24,1,20427
2019,Niddrie,188,3042,28,1,22909
2020,Niddrie,189,3042,28,1,22909
2015,North Melbourne,223,3051,27,1,5408
2016,North Melbourne,224,3051,85,1,8633
2017,North Melbourne,225,3051,130,1,14305
2018,North Melbourne,226,3051,259,1,20427
2019,North Melbourne,227,3051,323,1,22909
2020,North Melbourne,228,3051,323,1,22909
2015,Northcote,314,3070,30,1,5408
2016,Northcote,315,3070,94,1,8633
2017,Northcote,316,3070,110,1,14305
2018,Northcote,317,3070,221,1,20427
2019,Northcote,318,3070,264,1,22909
2020,Northcote,319,3070,264,1,22909
2015,Oak Park,202,3046,1,1,5408
2016,Oak Park,203,3046,15,1,8633
2017,Oak Park,204,3046,22,1,14305
2018,Oak Park,205,3046,45,1,20427
2019,Oak Park,206,3046,67,1,22909
2020,Oak Park,207,3046,67,1,22909
2015,Ormond,958,3204,8,1,5408
2016,Ormond,959,3204,17,1,8633
2017,Ormond,960,3204,23,1,14305
2018,Ormond,961,3204,59,1,20427
2019,Ormond,962,3204,87,1,22909
2020,Ormond,963,3204,87,1,22909
2015,Parkville,229,3052,9,1,5408
2016,Parkville,230,3052,24,1,8633
2017,Parkville,231,3052,36,1,14305
2018,Parkville,232,3052,71,1,20427
2019,Parkville,233,3052,100,1,22909
2020,Parkville,234,3052,100,1,22909
2015,Pascoe Vale,196,3044,3,1,5408
2016,Pascoe Vale,197,3044,8,1,8633
2017,Pascoe Vale,198,3044,12,1,14305
2018,Pascoe Vale,199,3044,35,1,20427
2019,Pascoe Vale,200,3044,43,1,22909
2020,Pascoe Vale,201,3044,43,1,22909
2015,Pascoe Vale South,196,3044,3,1,5408
2016,Pascoe Vale South,197,3044,8,1,8633
2017,Pascoe Vale South,198,3044,12,1,14305
2018,Pascoe Vale South,199,3044,35,1,20427
2019,Pascoe Vale South,200,3044,43,1,22909
2020,Pascoe Vale South,201,3044,43,1,22909
2015,Port Melbourne,976,3207,38,1,5408
2016,Port Melbourne,977,3207,79,1,8633
2017,Port Melbourne,978,3207,101,1,14305
2018,Port Melbourne,979,3207,213,1,20427
2019,Port Melbourne,980,3207,251,1,22909
2020,Port Melbourne,981,3207,251,1,22909
2015,Prahran,834,3181,23,1,5408
2016,Prahran,835,3181,124,1,8633
2017,Prahran,836,3181,171,1,14305
2018,Prahran,837,3181,349,1,20427
2019,Prahran,838,3181,415,1,22909
2020,Prahran,839,3181,415,1,22909
2015,Preston,326,3072,8,1,5408
2016,Preston,327,3072,31,1,8633
2017,Preston,328,3072,46,1,14305
2018,Preston,329,3072,107,1,20427
2019,Preston,330,3072,139,1,22909
2020,Preston,331,3072,139,1,22909
2015,Princes Hill,241,3054,8,1,5408
2016,Princes Hill,242,3054,46,1,8633
2017,Princes Hill,243,3054,57,1,14305
2018,Princes Hill,244,3054,121,1,20427
2019,Princes Hill,245,3054,145,1,22909
2020,Princes Hill,246,3054,145,1,22909
2015,Reservoir,332,3073,5,1,5408
2016,Reservoir,333,3073,13,1,8633
2017,Reservoir,334,3073,18,1,14305
2018,Reservoir,335,3073,55,1,20427
2019,Reservoir,336,3073,73,1,22909
2020,Reservoir,337,3073,73,1,22909
2015,Richmond,517,3121,88,1,5408
2016,Richmond,518,3121,191,1,8633
2017,Richmond,519,3121,247,1,14305
2018,Richmond,520,3121,519,1,20427
2019,Richmond,521,3121,613,1,22909
2020,Richmond,522,3121,613,1,22909
2015,Ripponlea,858,3185,24,1,5408
2016,Ripponlea,859,3185,39,1,8633
2017,Ripponlea,860,3185,44,1,14305
2018,Ripponlea,861,3185,90,1,20427
2019,Ripponlea,862,3185,112,1,22909
2020,Ripponlea,863,3185,112,1,22909
2015,Sandringham,894,3191,4,1,5408
2016,Sandringham,895,3191,20,1,8633
2017,Sandringham,896,3191,28,1,14305
2018,Sandringham,897,3191,41,1,20427
2019,Sandringham,898,3191,56,1,22909
2020,Sandringham,899,3191,56,1,22909
2015,Seabrook,115,3028,1,1,5408
2016,Seabrook,116,3028,7,1,8633
2017,Seabrook,117,3028,11,1,14305
2018,Seabrook,118,3028,27,1,20427
2019,Seabrook,119,3028,40,1,22909
2020,Seabrook,120,3028,40,1,22909
2015,Seaholme,72,3018,2,1,5408
2016,Seaholme,73,3018,8,1,8633
2017,Seaholme,74,3018,13,1,14305
2018,Seaholme,75,3018,28,1,20427
2019,Seaholme,76,3018,28,1,22909
2020,Seaholme,77,3018,28,1,22909
2015,Seddon,42,3011,25,1,5408
2016,Seddon,43,3011,57,1,8633
2017,Seddon,44,3011,85,1,14305
2018,Seddon,45,3011,154,1,20427
2019,Seddon,46,3011,195,1,22909
2020,Seddon,47,3011,195,1,22909
2015,South Kingsville,60,3015,4,1,5408
2016,South Kingsville,61,3015,19,1,8633
2017,South Kingsville,62,3015,25,1,14305
2018,South Kingsville,63,3015,48,1,20427
2019,South Kingsville,64,3015,64,1,22909
2020,South Kingsville,65,3015,64,1,22909
2015,South Melbourne,964,3205,38,1,5408
2016,South Melbourne,965,3205,82,1,8633
2017,South Melbourne,966,3205,101,1,14305
2018,South Melbourne,967,3205,239,1,20427
2019,South Melbourne,968,3205,310,1,22909
2020,South Melbourne,969,3205,310,1,22909
2015,South Wharf,30,3006,101,1,5408
2016,South Wharf,31,3006,288,1,8633
2017,South Wharf,32,3006,372,1,14305
2018,South Wharf,33,3006,993,1,20427
2019,South Wharf,34,3006,1326,1,22909
2020,South Wharf,35,3006,1326,1,22909
2015,South Yarra,632,3141,89,1,5408
2016,South Yarra,633,3141,234,1,8633
2017,South Yarra,634,3141,299,1,14305
2018,South Yarra,635,3141,670,1,20427
2019,South Yarra,636,3141,818,1,22909
2020,South Yarra,637,3141,818,1,22909
2015,Southbank,30,3006,101,1,5408
2016,Southbank,31,3006,288,1,8633
2017,Southbank,32,3006,372,1,14305
2018,Southbank,33,3006,993,1,20427
2019,Southbank,34,3006,1326,1,22909
2020,Southbank,35,3006,1326,1,22909
2015,Spotswood,60,3015,4,1,5408
2016,Spotswood,61,3015,19,1,8633
2017,Spotswood,62,3015,25,1,14305
2018,Spotswood,63,3015,48,1,20427
2019,Spotswood,64,3015,64,1,22909
2020,Spotswood,65,3015,64,1,22909
2015,St Kilda,840,3182,123,1,5408
2016,St Kilda,841,3182,393,1,8633
2017,St Kilda,842,3182,522,1,14305
2018,St Kilda,843,3182,986,1,20427
2019,St Kilda,844,3182,1157,1,22909
2020,St Kilda,845,3182,1157,1,22909
2015,St Kilda East,846,3183,28,1,5408
2016,St Kilda East,847,3183,106,1,8633
2017,St Kilda East,848,3183,146,1,14305
2018,St Kilda East,849,3183,277,1,20427
2019,St Kilda East,850,3183,336,1,22909
2020,St Kilda East,851,3183,336,1,22909
2015,St Kilda West,840,3182,123,1,5408
2016,St Kilda West,841,3182,393,1,8633
2017,St Kilda West,842,3182,522,1,14305
2018,St Kilda West,843,3182,986,1,20427
2019,St Kilda West,844,3182,1157,1,22909
2020,St Kilda West,845,3182,1157,1,22909
2015,Strathmore,179,3041,0,1,5408
2016,Strathmore,179,3041,2,1,8633
2017,Strathmore,180,3041,2,1,14305
2018,Strathmore,181,3041,7,1,20427
2019,Strathmore,182,3041,15,1,22909
2020,Strathmore,183,3041,15,1,22909
2015,Strathmore Heights,179,3041,0,1,5408
2016,Strathmore Heights,179,3041,2,1,8633
2017,Strathmore Heights,180,3041,2,1,14305
2018,Strathmore Heights,181,3041,7,1,20427
2019,Strathmore Heights,182,3041,15,1,22909
2020,Strathmore Heights,183,3041,15,1,22909
2015,Thornbury,320,3071,16,1,5408
2016,Thornbury,321,3071,46,1,8633
2017,Thornbury,322,3071,56,1,14305
2018,Thornbury,323,3071,96,1,20427
2019,Thornbury,324,3071,118,1,22909
2020,Thornbury,325,3071,118,1,22909
2015,Toorak,638,3142,9,1,5408
2016,Toorak,639,3142,31,1,8633
2017,Toorak,640,3142,42,1,14305
2018,Toorak,641,3142,99,1,20427
2019,Toorak,642,3142,119,1,22909
2020,Toorak,643,3142,119,1,22909
2015,Tottenham,48,3012,11,1,5408
2016,Tottenham,49,3012,23,1,8633
2017,Tottenham,50,3012,28,1,14305
2018,Tottenham,51,3012,62,1,20427
2019,Tottenham,52,3012,81,1,22909
2020,Tottenham,53,3012,81,1,22909
2015,Travancore,138,3032,11,1,5408
2016,Travancore,139,3032,46,1,8633
2017,Travancore,140,3032,62,1,14305
2018,Travancore,141,3032,143,1,20427
2019,Travancore,142,3032,176,1,22909
2020,Travancore,143,3032,176,1,22909
2015,West Footscray,48,3012,11,1,5408
2016,West Footscray,49,3012,23,1,8633
2017,West Footscray,50,3012,28,1,14305
2018,West Footscray,51,3012,62,1,20427
2019,West Footscray,52,3012,81,1,22909
2020,West Footscray,53,3012,81,1,22909
2015,West Melbourne,18,3003,6,1,5408
2016,West Melbourne,19,3003,36,1,8633
2017,West Melbourne,20,3003,54,1,14305
2018,West Melbourne,21,3003,198,1,20427
2019,West Melbourne,22,3003,275,1,22909
2020,West Melbourne,23,3003,275,1,22909
2015,Williamstown,66,3016,4,1,5408
2016,Williamstown,67,3016,16,1,8633
2017,Williamstown,68,3016,26,1,14305
2018,Williamstown,69,3016,51,1,20427
2019,Williamstown,70,3016,71,1,22909
2020,Williamstown,71,3016,71,1,22909
2015,Williamstown North,66,3016,4,1,5408
2016,Williamstown North,67,3016,16,1,8633
2017,Williamstown North,68,3016,26,1,14305
2018,Williamstown North,69,3016,51,1,20427
2019,Williamstown North,70,3016,71,1,22909
2020,Williamstown North,71,3016,71,1,22909
2015,Windsor,834,3181,23,1,5408
2016,Windsor,835,3181,124,1,8633
2017,Windsor,836,3181,171,1,14305
2018,Windsor,837,3181,349,1,20427
2019,Windsor,838,3181,415,1,22909
2020,Windsor,839,3181,415,1,22909
2015,Yarraville,54,3013,8,1,5408
2016,Yarraville,55,3013,26,1,8633
2017,Yarraville,56,3013,32,1,14305
2018,Yarraville,57,3013,67,1,20427
2019,Yarraville,58,3013,80,1,22909
2020,Yarraville,59,3013,80,1,22909
